lemma	rank
胁	1
懈	2
薪邪	3
薪械	4
褋	5
斜褘褌褜	6
褔褌芯	7
锌芯	8
芯薪	9
褝褌芯	10
邪	11
泻	12
泻邪泻	13
蟹邪	14
芯褌	15
芯	16
薪芯	17
懈蟹	18
写谢褟	19
屑褘	20
芯薪懈	21
芯薪邪	22
泻芯褌芯褉褘泄	23
褌芯	24
械谐芯	25
褋胁芯泄	26
卸械	27
懈褏	28
懈谢懈	29
斜褘	30
褌邪泻	31
锌褉懈	32
写芯	33
褍卸械	34
械褖褢	35
褌邪泻卸械	36
褌芯谢褜泻芯	37
屑械卸写褍	38
锌芯褋谢械	39
斜械蟹	40
褔械褉械蟹	41
锌械褉械写	42
薪邪写	43
锌芯写	44
械褋谢懈	45
褌芯褌	46
褝褌芯褌	47
胁械褋褜	48
胁褋褢	49
芯写懈薪	50
屑芯褔褜	51
褋泻邪蟹邪褌褜	52
谐芯写	53
谐芯胁芯褉懈褌褜	54
褋褌邪褌褜	55
懈屑械褌褜	56
写褉褍谐芯泄	57
褋械斜褟	58
写胁邪	59
锌械褉胁褘泄	60
褌邪泻芯泄	61
谐写械	62
泻芯谐写邪	63
芯褔械薪褜	64
薪械褌	65
褔褌芯斜褘	66
薪懈	67
斜芯谢械械	68
写邪卸械	69
胁芯褌	70
胁褉械屑褟	71
薪邪写芯	72
泻邪卸写褘泄	73
褌邪屑	74
锌芯褌芯屑褍	75
蟹写械褋褜	76
谢懈	77
泻褌芯	78
褔械屑	79
胁褋械谐写邪	80
薪邪褋	81
褋邪屑	82
写芯谢卸械薪	83
胁械写褜	84
泻褉芯屑械	85
懈屑械薪薪芯	86
蟹邪褌械屑	87
胁屑械褋褌械	88
锌芯泻邪	89
褌芯卸械	90
芯写薪邪泻芯	91
褋械谐芯写薪褟	92
锌褉械卸写械	93
薪褘薪械	94
褏芯褌褟	95
胁薪芯胁褜	96
芯斜	97
泻芯	98
谢懈褕褜	99
懈斜芯	100
锌褉械蟹懈写械薪褌	101
褋褌褉邪薪邪	102
褉芯褋褋懈泄褋泻懈泄	103
褉芯褋褋懈褟	104
谐芯褋褍写邪褉褋褌胁芯	105
胁芯锌褉芯褋	106
蟹邪褟胁懈褌褜	107
褟胁谢褟褌褜褋褟	108
褋褌芯褉芯薪邪	109
褉邪斜芯褌邪	110
褉械褕械薪懈械	111
薪芯胁褘泄	112
锌芯谢懈褌懈泻邪	113
屑械卸写褍薪邪褉芯写薪褘泄	114
芯褌薪芯褕械薪懈械	115
褋懈褌褍邪褑懈褟	116
胁谢邪褋褌褜	117
蟹邪泻芯薪	118
锌褉邪胁懈褌械谢褜褋褌胁芯	119
屑懈薪懈褋褌褉	120
蟹邪褟胁谢械薪懈械	121
褉邪蟹胁懈褌懈械	122
芯斜褋褍卸写邪褌褜	123
锌褉懈薪懈屑邪褌褜	124
胁褋褌褉械褔邪	125
锌械褉械谐芯胁芯褉褘	126
褋芯谐谢邪褕械薪懈械	127
写芯谐芯胁芯褉	128
锌芯蟹懈褑懈褟	129
锌芯写锌懈褋邪褌褜	130
锌褉芯胁械褋褌懈	131
锌褉芯胁芯写懈褌褜	132
写械泄褋褌胁懈械	133
薪邪褉芯写	134
芯斜褖械褋褌胁芯	135
薪邪锌褉邪胁谢械薪懈械	136
懈薪褌械褉械褋	137
锌芯写写械褉卸泻邪	138
褍褔邪褋褌懈械	139
屑懈褉	140
褍褉芯胁械薪褜	141
褉械谐懈芯薪	142
芯褋薪芯胁邪	143
褋懈褋褌械屑邪	144
褌械褉褉懈褌芯褉懈褟	145
褍褋谢芯胁懈械	146
芯斜谢邪褋褌褜	147
锌褉芯褑械褋褋	148
锌褉芯谐褉邪屑屑邪	149
蟹邪写邪褔邪	150
写械褟褌械谢褜薪芯褋褌褜	151
褋褌褉褍泻褌褍褉邪	152
谐谢邪胁邪	153
芯褌屑械褌懈褌褜	154
锌芯写褔械褉泻薪褍褌褜	155
胁褘褋褌褍锌懈褌褜	156
芯斜械褋锌械褔懈褌褜	157
褉褍泻芯胁芯写褋褌胁芯	158
薪邪褋械谢械薪懈械	159
薪械芯斜褏芯写懈屑褘泄	160
胁芯蟹屑芯卸薪芯褋褌褜	161
锌褉懈薪褟褌褜	162
褋褔懈褌邪褌褜	163
胁薪懈屑邪薪懈械	164
胁邪卸薪褘泄	165
褋褍褖械褋褌胁芯胁邪褌褜	166
锌褉械写褋褌邪胁谢褟褌褜	167
薪邪锌褉邪胁懈褌褜	168
芯锌褉械写械谢懈褌褜	169
芯褌薪芯褕械薪懈褟	170
芯褌胁械褌褋褌胁械薪薪芯褋褌褜	171
锌芯谢褍褔懈褌褜	172
写邪褌褜	173
蟹薪邪褌褜	174
褉械蟹褍谢褜褌邪褌	175
锌褉芯斜谢械屑邪	176
锌谢邪薪	177
褑械谢褘泄	178
锌褉芯械泻褌	179
褔邪褋褌褜	180
屑械褋褌芯	181
褉褟写	182
屑芯屑械薪褌	183
泻芯薪褌褉芯谢褜	184
懈薪褎芯褉屑邪褑懈褟	185
薪邪蟹胁邪褌褜	186
锌芯写谐芯褌芯胁泻邪	187
褉芯谢褜	188
锌械褉懈芯写	189
锌芯褉褟写芯泻	190
锌褉芯写芯谢卸邪褌褜	191
褋褉械写褋褌胁芯	192
褑械谢褜	193
褋胁褟蟹褜	194
褔懈褋谢芯	195
褋芯褋褌芯褟薪懈械	196
谢懈薪懈褟	197
褎芯褉屑邪	198
褉邪屑泻邪	199
褔谢械薪	200
褋芯胁械褌	201
写械谢芯	202
芯斜褉邪蟹	203
泻芯薪械褑	204
褋谢芯胁芯	205
薪邪褔邪谢芯	206
蟹薪邪褔械薪懈械	207
胁薪褍褌褉械薪薪懈泄	208
胁薪械褕薪懈泄	209
芯斜褖懈泄	210
芯褎懈褑懈邪谢褜薪褘泄	211
锌芯谢懈褌懈褔械褋泻懈泄	212
谐芯褋褍写邪褉褋褌胁械薪薪褘泄	213
谐谢邪胁薪褘泄	214
芯褋薪芯胁薪芯泄	215
芯褋芯斜褘泄	216
褋芯胁褉械屑械薪薪褘泄	217
蟹薪邪褔懈褌械谢褜薪褘泄	218
芯褌泻褉褘褌褘泄	219
斜芯谢褜褕芯泄	220
胁褘褋芯泻懈泄	221
锌芯谢薪褘泄	222
锌芯褋谢械写薪懈泄	223
褋谢械写褍褞褖懈泄	224
锌芯写芯斜薪褘泄	225
褉邪蟹谢懈褔薪褘泄	226
泻褉褍锌薪褘泄	227
写邪谢褜薪械泄褕懈泄	228
写邪薪薪褘泄	229
芯锌褉械写械谢褢薪薪褘泄	230
写懈锌谢芯屑邪褌懈褟	231
锌芯褋芯谢	232
写械谢械谐邪褑懈褟	233
褋邪屑屑懈褌	234
锌褉械写褋褌邪胁懈褌械谢褜	235
芯褉谐邪薪懈蟹邪褑懈褟	236
褋芯褌褉褍写薪懈褔械褋褌胁芯	237
褍褉械谐褍谢懈褉芯胁邪薪懈械	238
褉械蟹芯谢褞褑懈褟	239
屑邪薪写邪褌	240
泻芯薪胁械薪褑懈褟	241
褉邪褌懈褎懈泻邪褑懈褟	242
泻芯薪褋褍谢褜褌邪褑懈褟	243
屑械屑芯褉邪薪写褍屑	244
写械泻谢邪褉邪褑懈褟	245
锌褉芯褌芯泻芯谢	246
褏邪褉褌懈褟	247
薪芯褌邪	248
写械屑邪褉褕	249
泻芯屑屑褞薪懈泻械	250
邪泻泻褉械写懈褌邪褑懈褟	251
胁械褉懈褌械谢褜薪褘泄	252
泻芯薪褋褍谢褜褋泻懈泄	253
锌芯褋芯谢褜褋褌胁芯	254
屑懈褋褋懈褟	255
锌芯褉褍褔械薪懈械	256
薪械泄褌褉邪谢懈褌械褌	257
褋褍胁械褉械薪懈褌械褌	258
薪械蟹邪胁懈褋懈屑芯褋褌褜	259
锌褉懈蟹薪邪薪懈械	260
褞褉懈褋写懈泻褑懈褟	261
谐褉邪薪懈褑邪	262
褉械卸懈屑	263
锌邪褉褌懈褟	264
锌邪褉谢邪屑械薪褌	265
褎褉邪泻褑懈褟	266
泻芯邪谢懈褑懈褟	267
芯锌锌芯蟹懈褑懈褟	268
褝谢械泻褌芯褉邪褌	269
屑邪薪写邪褌薪褘泄	270
写械锌褍褌邪褌	271
褋械薪邪褌芯褉	272
褋锌懈泻械褉	273
谐芯谢芯褋芯胁邪薪懈械	274
胁褘斜芯褉褘	275
褉械褎械褉械薪写褍屑	276
蟹邪泻芯薪芯锌褉芯械泻褌	277
锌芯锌褉邪胁泻邪	278
泻芯薪褋褌懈褌褍褑懈褟	279
褍泻邪蟹	280
锌芯褋褌邪薪芯胁谢械薪懈械	281
褉邪褋锌芯褉褟卸械薪懈械	282
褉邪褌懈褎懈褑懈褉芯胁邪褌褜	283
锌芯写褌胁械褉写懈褌褜	284
芯写芯斜褉懈褌褜	285
褋芯谐谢邪褋芯胁邪褌褜	286
褍褌胁械褉写懈褌褜	287
泻芯芯褉写懈薪懈褉芯胁邪褌褜	288
褋芯写械泄褋褌胁芯胁邪褌褜	289
胁褘褉邪蟹懈褌褜	290
芯褋褍写懈褌褜	291
锌褉懈蟹胁邪褌褜	292
锌芯褌褉械斜芯胁邪褌褜	293
锌褉械写谢芯卸懈褌褜	294
薪邪褋褌邪懈胁邪褌褜	295
褉械泻芯屑械薪写芯胁邪褌褜	296
谐邪褉邪薪褌懈褉芯胁邪褌褜	297
芯斜褟蟹邪褌褜	298
褋芯斜谢褞写邪褌褜	299
薪邪褉褍褕懈褌褜	300
斜械蟹芯锌邪褋薪芯褋褌褜	301
芯斜芯褉芯薪邪	302
胁芯械薪薪褘泄	303
邪褉屑懈褟	304
胁芯泄褋泻邪	305
胁芯芯褉褍卸械薪懈械	306
褉邪泻械褌邪	307
芯锌械褉邪褑懈褟	308
褍谐褉芯蟹邪	309
泻芯薪褎谢懈泻褌	310
薪邪锌邪写械薪懈械	311
蟹邪褖懈褌邪	312
褋褌褉邪褌械谐懈褔械褋泻懈泄	313
褌邪泻褌懈褔械褋泻懈泄	314
褟写械褉薪褘泄	315
斜芯械胁芯泄	316
锌褉芯褌懈胁芯胁芯蟹写褍褕薪褘泄	317
谐械薪械褉邪谢	318
泻芯屑邪薪写芯胁邪薪懈械	319
褕褌邪斜	320
锌芯谢泻	321
斜褉懈谐邪写邪	322
写懈胁懈蟹懈褟	323
斜邪褌邪谢褜芯薪	324
褎谢芯褌	325
邪胁懈邪褑懈褟	326
锌械褏芯褌邪	327
邪褉褌懈谢谢械褉懈褟	328
褉邪蟹胁械写泻邪	329
泻芯薪褌褉褉邪蟹胁械写泻邪	330
褋锌械褑薪邪蟹	331
写械褋邪薪褌	332
谐邪褉薪懈蟹芯薪	333
胁械褉褌芯谢褢褌	334
懈褋褌褉械斜懈褌械谢褜	335
斜芯屑斜邪褉写懈褉芯胁褖懈泻	336
锌芯写胁芯写薪褘泄	337
泻芯褉胁械褌	338
褎褉械谐邪褌	339
泻褉械泄褋械褉	340
褝褋屑懈薪械褑	341
褌芯褉锌械写邪	342
斜芯械谐芯谢芯胁泻邪	343
斜芯械锌褉懈锌邪褋	344
泻邪谢懈斜褉	345
褋薪邪褉褟写	346
屑懈薪邪	347
谐褉邪薪邪褌芯屑褢褌	348
蟹械薪懈褌薪褘泄	349
锌褉芯褌懈胁芯褉邪泻械褌薪褘泄	350
锌械褉械褏胁邪褌	351
褉邪写邪褉	352
泻芯屑锌谢械泻褋	353
锌褍褋泻	354
懈褋锌褘褌邪薪懈械	355
褍褔械薪懈械	356
屑邪薪褢胁褉	357
褉邪蟹胁褢褉褌褘胁邪薪懈械	358
写懈褋谢芯泻邪褑懈褟	359
屑芯斜懈谢懈蟹邪褑懈褟	360
写械屑芯斜懈谢懈蟹邪褑懈褟	361
锌褉懈蟹褘胁	362
泻芯薪褌褉邪泻褌	363
胁芯械薪薪芯褋谢褍卸邪褖懈泄	364
芯褎懈褑械褉	365
褉褟写芯胁芯泄	366
褋械褉卸邪薪褌	367
谢械泄褌械薪邪薪褌	368
锌芯谢泻芯胁薪懈泻	369
屑邪褉褕邪谢	370
邪写屑懈褉邪谢	371
褌械褉褉芯褉懈蟹屑	372
褝泻褋褌褉械屑懈蟹屑	373
褉邪写懈泻邪谢懈蟹屑	374
斜芯械胁懈泻	375
谐褉褍锌锌懈褉芯胁泻邪	376
谢懈泻胁懈写邪褑懈褟	377
薪械泄褌褉邪谢懈蟹邪褑懈褟	378
芯斜械蟹胁褉械卸懈胁邪薪懈械	379
褋锌械褑芯锌械褉邪褑懈褟	380
泻芯薪褌褉褌械褉褉芯褉懈褋褌懈褔械褋泻懈泄	381
斜谢芯泻锌芯褋褌	382
芯褑械锌谢械薪懈械	383
褉邪蟹屑懈薪懈褉芯胁邪薪懈械	384
锌械褉械屑懈褉懈械	385
锌褉械泻褉邪褖械薪懈械	386
芯谐芯薪褜	387
褝褋泻邪谢邪褑懈褟	388
写械褝褋泻邪谢邪褑懈褟	389
褋写械褉卸懈胁邪薪懈械	390
胁芯蟹屑械蟹写懈械	391
芯褌胁械褌薪褘泄	392
锌褉械胁械薪褌懈胁薪褘泄	393
薪邪褋褌褍锌谢械薪懈械	394
泻芯薪褌褉薪邪褋褌褍锌谢械薪懈械	395
芯褌褋褌褍锌谢械薪懈械	396
芯泻褉褍卸械薪懈械	397
锌褉芯褉褘胁	398
锌谢邪褑写邪褉屑	399
褎褉芯薪褌	400
褌褘谢	401
褎谢邪薪谐	402
褉褍斜械卸	403
褍泻褉械锌谢械薪懈械	404
褎芯褉褌懈褎懈泻邪褑懈褟	405
褌褉邪薪褕械褟	406
斜褍薪泻械褉	407
锌芯谢懈谐芯薪	408
斜邪蟹邪	409
谐邪褉薪懈蟹芯薪薪褘泄	410
胁芯械薪薪芯-屑芯褉褋泻芯泄	411
胁芯械薪薪芯-胁芯蟹写褍褕薪褘泄	412
褋褍褏芯锌褍褌薪褘泄	413
芯锌械褉邪褌懈胁薪褘泄	414
褉邪蟹胁械写褘胁邪褌械谢褜薪褘泄	415
褍写邪褉薪褘泄	416
芯斜芯褉芯薪懈褌械谢褜薪褘泄	417
薪邪褋褌褍锌邪褌械谢褜薪褘泄	418
写械褋邪薪褌薪褘泄	419
斜褉芯薪械褌邪薪泻芯胁褘泄	420
屑械褏邪薪懈蟹懈褉芯胁邪薪薪褘泄	421
屑芯褌芯褋褌褉械谢泻芯胁褘泄	422
懈薪卸械薪械褉薪褘泄	423
谢芯谐懈褋褌懈褔械褋泻懈泄	424
褋薪邪斜卸械薪懈械	425
胁芯芯褉褍卸懈褌褜	426
锌械褉械胁芯芯褉褍卸械薪懈械	427
屑芯写械褉薪懈蟹邪褑懈褟	428
芯褋薪邪褖械薪懈械	429
锌芯褋褌邪胁泻邪	430
褝泻褋锌芯褉褌	431
懈屑锌芯褉褌	432
谢懈褑械薪蟹懈褟	433
芯斜芯褉芯薪薪芯-锌褉芯屑褘褕谢械薪薪褘泄	434
泻芯薪褋褌褉褍泻褌芯褉	435
谐械薪械褉邪谢褜薪褘泄	436
谐谢邪胁薪芯泻芯屑邪薪写褍褞褖懈泄	437
薪邪褔邪谢褜薪懈泻	438
蟹邪屑械褋褌懈褌械谢褜	439
邪褌褌邪褕械	440
屑懈褉芯褌胁芯褉械褑	441
屑懈褉芯褌胁芯褉褔械褋泻懈泄	442
泻芯薪褌懈薪谐械薪褌	443
锌邪褌褉褍谢懈褉芯胁邪薪懈械	444
薪邪斜谢褞写邪褌械谢褜	445
懈薪褋锌械泻褑懈褟	446
胁械褉懈褎懈泻邪褑懈褟	447
褉邪蟹芯褉褍卸械薪懈械	448
薪械褉邪褋锌褉芯褋褌褉邪薪械薪懈械	449
屑芯褉邪褌芯褉懈泄	450
邪谢褜褟薪褋	451
斜谢芯泻	452
锌邪泻褌	453
泻芯谢谢械泻褌懈胁薪褘泄	454
写胁褍褋褌芯褉芯薪薪懈泄	455
屑薪芯谐芯褋褌芯褉芯薪薪懈泄	456
锌邪褉褌薪褢褉	457
褋芯褞蟹薪懈泻	458
锌褉芯褌懈胁薪懈泻	459
邪谐褉械褋褋芯褉	460
邪谐褉械褋褋懈褟	461
邪薪薪械泻褋懈褟	462
芯泻泻褍锌邪褑懈褟	463
懈薪褌械褉胁械薪褑懈褟	464
胁褌芯褉卸械薪懈械	465
锌褉芯胁芯泻邪褑懈褟	466
懈薪褑懈写械薪褌	467
褋褌芯谢泻薪芯胁械薪懈械	468
芯斜褋褌褉械谢	469
斜芯屑斜邪褉写懈褉芯胁泻邪	470
褍写邪褉	471
蟹邪谢锌	472
泻邪薪芯薪邪写邪	473
芯褋邪写邪	474
斜谢芯泻邪写邪	475
泻邪锌懈褌褍谢褟褑懈褟	476
褉械锌邪褉邪褑懈褟	477
泻芯薪褌褉懈斜褍褑懈褟	478
褌褉懈斜褍薪邪谢	479
胁芯械薪薪芯锌谢械薪薪褘泄	480
褝胁邪泻褍邪褑懈褟	481
谐褍屑邪薪懈褌邪褉薪褘泄	482
泻芯褉懈写芯褉	483
屑懈褉薪褘泄	484
泻懈斜械褉斜械蟹芯锌邪褋薪芯褋褌褜	485
泻懈斜械褉邪褌邪泻邪	486
懈薪褎芯褉屑邪褑懈芯薪薪褘泄	487
锌褉芯锌邪谐邪薪写邪	488
写械蟹懈薪褎芯褉屑邪褑懈褟	489
谐懈斜褉懈写薪褘泄	490
斜械褋锌懈谢芯褌薪懈泻	491
写褉芯薪	492
褋锌褍褌薪懈泻	493
泻芯褋屑懈褔械褋泻懈泄	494
芯褉斜懈褌邪谢褜薪褘泄	495
斜邪谢谢懈褋褌懈褔械褋泻懈泄	496
谐懈锌械褉蟹胁褍泻芯胁芯泄	497
泻褉褘谢邪褌褘泄	498
锌芯写邪胁谢械薪懈械	499
褉邪写懈芯褝谢械泻褌褉芯薪薪褘泄	500
褝泻芯薪芯屑懈泻邪	501
褉褘薪芯泻	502
褌芯褉谐芯胁谢褟	503
薪械褎褌褜	504
谐邪蟹	505
斜褞写卸械褌	506
褋邪薪泻褑懈褟	507
褎懈薪邪薪褋芯胁褘泄	508
斜邪薪泻	509
泻褉械写懈褌	510
懈薪胁械褋褌懈褑懈褟	511
泻邪锌懈褌邪谢	512
胁邪谢褞褌邪	513
褉褍斜谢褜	514
写芯谢谢邪褉	515
械胁褉芯	516
懈薪褎谢褟褑懈褟	517
写械褎懈褑懈褌	518
锌褉芯褎懈褑懈褌	519
写芯褏芯写	520
褉邪褋褏芯写	521
薪邪谢芯谐	522
锌芯褕谢懈薪邪	523
褌邪褉懈褎	524
褋褍斜褋懈写懈褟	525
写芯褌邪褑懈褟	526
褝薪械褉谐械褌懈泻邪	527
褌褉褍斜芯锌褉芯胁芯写	528
谐邪蟹芯锌褉芯胁芯写	529
薪械褎褌械锌褉芯胁芯写	530
屑械褋褌芯褉芯卸写械薪懈械	531
写芯斜褘褔邪	532
锌械褉械褉邪斜芯褌泻邪	533
褝泻褋锌芯褉褌薪褘泄	534
懈屑锌芯褉褌薪褘泄	535
锌褉芯屑褘褕谢械薪薪芯褋褌褜	536
锌褉芯懈蟹胁芯写褋褌胁芯	537
锌褉械写锌褉懈褟褌懈械	538
芯褌褉邪褋谢褜	539
褋械泻褌芯褉	540
懈薪褎褉邪褋褌褉褍泻褌褍褉邪	541
褌褉邪薪褋锌芯褉褌	542
谢芯谐懈褋褌懈泻邪	543
锌芯褋褌邪胁褖懈泻	544
锌芯褌褉械斜懈褌械谢褜	545
褋锌褉芯褋	546
锌褉械写谢芯卸械薪懈械	547
泻芯薪泻褍褉械薪褑懈褟	548
屑芯薪芯锌芯谢懈褟	549
芯谢懈谐邪褉褏	550
泻芯褉锌芯褉邪褑懈褟	551
邪泻褑懈芯薪械褉	552
斜懈褉卸邪	553
泻芯褌懈褉芯胁泻邪	554
芯斜谢懈谐邪褑懈褟	555
邪泻褑懈褟	556
写懈胁懈写械薪写	557
锌褉懈胁邪褌懈蟹邪褑懈褟	558
薪邪褑懈芯薪邪谢懈蟹邪褑懈褟	559
泻芯薪褑械褋褋懈褟	560
谢懈褑械薪蟹懈褉芯胁邪薪懈械	561
褉械谐褍谢懈褉芯胁邪薪懈械	562
褉械谐褍谢褟褌芯褉	563
邪褍写懈褌	564
芯褌褔褢褌薪芯褋褌褜	565
锌褉芯蟹褉邪褔薪芯褋褌褜	566
泻芯褉褉褍锌褑懈褟	567
胁蟹褟褌泻邪	568
褏懈褖械薪懈械	569
屑芯褕械薪薪懈褔械褋褌胁芯	570
芯褌屑褘胁邪薪懈械	571
褋褍写	572
锌褉邪胁芯	573
写芯泻褍屑械薪褌	574
泻芯屑懈褌械褌	575
泻芯屑懈褋褋懈褟	576
褉邪褋褋谢械写芯胁邪薪懈械	577
锌褉芯泻褍褉芯褉	578
锌褉芯泻褍褉邪褌褍褉邪	579
褋谢械写褋褌胁懈械	580
褋谢械写芯胁邪褌械谢褜	581
邪写胁芯泻邪褌	582
芯斜胁懈薪械薪懈械	583
蟹邪褖懈褌薪懈泻	584
锌褉懈谐芯胁芯褉	585
邪褉械褋褌	586
蟹邪写械褉卸邪薪懈械	587
芯斜褘褋泻	588
写芯锌褉芯褋	589
褝泻褋褌褉邪写懈褑懈褟	590
邪屑薪懈褋褌懈褟	591
锌芯屑懈谢芯胁邪薪懈械	592
邪锌械谢谢褟褑懈褟	593
泻邪褋褋邪褑懈褟	594
褞褉懈写懈褔械褋泻懈泄	595
锌褉邪胁芯胁芯泄	596
蟹邪泻芯薪芯写邪褌械谢褜薪褘泄	597
懈褋锌芯谢薪懈褌械谢褜薪褘泄	598
褋褍写械斜薪褘泄	599
邪褉斜懈褌褉邪卸薪褘泄	600
泻芯薪褋褌懈褌褍褑懈芯薪薪褘泄	601
胁械褉褏芯胁薪褘泄	602
褎械写械褉邪谢褜薪褘泄	603
褉械谐懈芯薪邪谢褜薪褘泄	604
屑褍薪懈褑懈锌邪谢褜薪褘泄	605
谐褍斜械褉薪邪褌芯褉	606
屑褝褉	607
锌褉械褎械泻褌	608
胁械写芯屑褋褌胁芯	609
屑懈薪懈褋褌械褉褋褌胁芯	610
写械锌邪褉褌邪屑械薪褌	611
褍锌褉邪胁谢械薪懈械	612
邪谐械薪褌褋褌胁芯	613
褋谢褍卸斜邪	614
懈薪褋锌械泻褌芯褉	615
芯屑斜褍写褋屑械薪	616
屑械写懈邪	617
锌褉械褋褋邪	618
卸褍褉薪邪谢懈褋褌	619
泻芯褉褉械褋锌芯薪写械薪褌	620
褉械写邪泻褑懈褟	621
锌褍斜谢懈泻邪褑懈褟	622
褉械锌芯褉褌邪卸	623
懈薪褌械褉胁褜褞	624
斜褉懈褎懈薪谐	625
泻芯薪褎械褉械薪褑懈褟	626
锌褉械褋褋-褋械泻褉械褌邪褉褜	627
写芯泻谢邪写褔懈泻	628
泻芯屑屑械薪褌邪褉懈泄	629
芯锌褉芯胁械褉卸械薪懈械	630
邪泻泻褉械写懈褌芯胁邪薪薪褘泄	631
褌械谢械泻邪薪邪谢	632
胁械褖邪薪懈械	633
褑械薪蟹褍褉邪	634
褋胁芯斜芯写邪	635
芯褑械薪泻邪	636
邪薪邪谢懈蟹	637
锌褉芯谐薪芯蟹	638
褉械泄褌懈薪谐	639
屑芯薪懈褌芯褉懈薪谐	640
褋褌邪褌懈褋褌懈泻邪	641
锌芯泻邪蟹邪褌械谢褜	642
懈薪写械泻褋	643
写懈薪邪屑懈泻邪	644
褌械薪写械薪褑懈褟	645
褉芯褋褌	646
锌邪写械薪懈械	647
褋褌邪斜懈谢褜薪芯褋褌褜	648
褍褋褌芯泄褔懈胁褘泄	649
泻褉懈蟹懈褋	650
褉械褑械褋褋懈褟	651
褋褌邪谐薪邪褑懈褟	652
胁芯褋褋褌邪薪芯胁谢械薪懈械	653
褉械褎芯褉屑邪	654
屑芯写械褉薪懈蟹懈褉芯胁邪褌褜	655
写懈胁械褉褋懈褎懈泻邪褑懈褟	656
谢懈斜械褉邪谢懈蟹邪褑懈褟	657
懈薪褌械谐褉邪褑懈褟	658
谐谢芯斜邪谢懈蟹邪褑懈褟	659
锌褉芯褌械泻褑懈芯薪懈蟹屑	660
褝屑斜邪褉谐芯	661
泻胁芯褌邪	662
泻芯薪褌褉褋邪薪泻褑懈褟	663
写械胁邪谢褜胁邪褑懈褟	664
褉械胁邪谢褜胁邪褑懈褟	665
胁芯谢邪褌懈谢褜薪芯褋褌褜	666
谢懈泻胁懈写薪芯褋褌褜	667
泻邪锌懈褌邪谢懈蟹邪褑懈褟	668
褉械薪褌邪斜械谢褜薪芯褋褌褜	669
褋械斜械褋褌芯懈屑芯褋褌褜	670
屑邪褉卸邪	671
褌芯胁邪褉芯芯斜芯褉芯褌	672
褋邪谢褜写芯	673
褝泻褋锌芯褉褌褢褉	674
懈屑锌芯褉褌褢褉	675
谐褉褍蟹芯芯斜芯褉芯褌	676
褌褉邪薪蟹懈褌	677
褌邪屑芯卸薪褟	678
写械泻谢邪褉懈褉芯胁邪薪懈械	679
褋械褉褌懈褎懈泻邪褑懈褟	680
褋褌邪薪写邪褉褌懈蟹邪褑懈褟	681
褌械褏薪芯谢芯谐懈褟	682
懈薪薪芯胁邪褑懈褟	683
褑懈褎褉芯胁懈蟹邪褑懈褟	684
邪胁褌芯屑邪褌懈蟹邪褑懈褟	685
褉芯斜芯褌懈蟹邪褑懈褟	686
懈褋泻褍褋褋褌胁械薪薪褘泄	687
懈薪褌械谢谢械泻褌	688
锌谢邪褌褎芯褉屑邪	689
褋械褌褜	690
褌械谢械泻芯屑屑褍薪懈泻邪褑懈褟	691
褔邪褋褌芯褌邪	692
褉械褋褍褉褋	693
褋褘褉褜褢	694
褍谐芯谢褜	695
褍褉邪薪	696
邪褌芯屑薪褘泄	697
褝谢械泻褌褉芯褋褌邪薪褑懈褟	698
谐械薪械褉邪褑懈褟	699
胁芯蟹芯斜薪芯胁谢褟械屑褘泄	700
写械屑芯谐褉邪褎懈褟	701
屑懈谐褉邪褑懈褟	702
斜械卸械薪械褑	703
锌械褉械褋械谢械薪械褑	704
胁懈写	705
褉械蟹懈写械薪褌	706
谐褉邪卸写邪薪褋褌胁芯	707
锌邪褋锌芯褉褌	708
胁懈蟹邪	709
褉械谐懈褋褌褉邪褑懈褟	710
褝泻芯谢芯谐懈褟	711
泻谢懈屑邪褌	712
胁褘斜褉芯褋	713
蟹邪谐褉褟蟹薪械薪懈械	714
褍谐谢械褉芯写薪褘泄	715
锌邪褉薪懈泻芯胁褘泄	716
褍褋褌芯泄褔懈胁芯褋褌褜	717
泻邪褌邪褋褌褉芯褎邪	718
褋褌懈褏懈泄薪褘泄	719
薪邪胁芯写薪械薪懈械	720
蟹邪褋褍褏邪	721
锌芯卸邪褉	722
褔褉械蟹胁褘褔邪泄薪褘泄	723
谢懈泻胁懈写懈褉芯胁邪褌褜	724
褋锌邪褋邪褌械谢褜	725
蟹写褉邪胁芯芯褏褉邪薪械薪懈械	726
褝锌懈写械屑懈褟	727
锌邪薪写械屑懈褟	728
胁邪泻褑懈薪邪	729
泻邪褉邪薪褌懈薪	730
芯斜褉邪蟹芯胁邪薪懈械	731
褍薪懈胁械褉褋懈褌械褌	732
邪泻邪写械屑懈褟	733
薪邪褍泻邪	734
懈褋褋谢械写芯胁邪薪懈械	735
懈薪褋褌懈褌褍褌	736
谢邪斜芯褉邪褌芯褉懈褟	737
泻褍谢褜褌褍褉邪	738
薪邪褋谢械写懈械	739
褉械谢懈谐懈褟	740
泻芯薪褎械褋褋懈褟	741
懈写械芯谢芯谐懈褟	742
写芯泻褌褉懈薪邪	743
泻芯薪褑械锌褑懈褟	744
褋褌褉邪褌械谐懈褟	745
褌邪泻褌懈泻邪	746
屑械褌芯写芯谢芯谐懈褟	747
锌谢邪褌褢卸	748
褌褉邪薪蟹邪泻褑懈褟	749
褉邪褋褔褢褌	750
泻谢懈褉懈薪谐	751
胁蟹邪懈屑芯蟹邪褔褢褌	752
斜邪褉褌械褉	753
褑械薪芯芯斜褉邪蟹芯胁邪薪懈械	754
写械屑锌懈薪谐	755
泻邪褉褌械谢褜	756
泻芯薪褋芯褉褑懈褍屑	757
褏芯谢写懈薪谐	758
泻芯薪谐谢芯屑械褉邪褌	759
褎褉邪薪褕懈蟹邪	760
邪褉械薪写邪	761
谢懈蟹懈薪谐	762
蟹邪谢芯谐	763
懈锌芯褌械泻邪	764
褋褌褉邪褏芯胁邪薪懈械	765
锌械薪褋懈褟	766
锌芯褋芯斜懈械	767
泻芯屑锌械薪褋邪褑懈褟	768
懈薪写械泻褋邪褑懈褟	769
懈薪邪褍谐褍褉邪褑懈褟	770
懈屑锌懈褔屑械薪褌	771
胁芯褌褍屑	772
屑邪卸芯褉懈褌邪褉薪褘泄	773
锌褉芯锌芯褉褑懈芯薪邪谢褜薪褘泄	774
锌谢械斜懈褋褑懈褌	775
谢械谐懈褌懈屑薪芯褋褌褜	776
锌褉邪胁芯锌褉械械屑褋褌胁芯	777
邪胁褌芯薪芯屑懈褟	778
褎械写械褉邪褑懈褟	779
泻芯薪褎械写械褉邪褑懈褟	780
褍薪懈褌邪褉薪褘泄	781
褋械锌邪褉邪褌懈蟹屑	782
懈褉褉械写械薪褌懈蟹屑	783
褋邪屑芯芯锌褉械写械谢械薪懈械	784
锌褉芯褌械泻褌芯褉邪褌	785
写芯屑懈薪懈芯薪	786
屑邪薪写邪褌邪褉懈泄	787
褉械锌邪褌褉懈邪褑懈褟	788
写械锌芯褉褌邪褑懈褟	789
懈薪褌械褉薪懈褉芯胁邪薪懈械	790
谢褞褋褌褉邪褑懈褟	791
褉械邪斜懈谢懈褌邪褑懈褟	792
褉械褋褌懈褌褍褑懈褟	793
泻芯屑锌褉芯屑懈褋褋	794
泻芯薪褋械薪褋褍褋	795
屑械写懈邪褑懈褟	796
邪褉斜懈褌褉邪卸	797
锌褉懈屑懈褉械薪懈械	798
锌芯褋褉械写薪懈泻	799
褋芯写械泄褋褌胁懈械	800
懈屑锌谢械屑械薪褌邪褑懈褟	801
褉邪褌懈褎懈泻邪褑懈芯薪薪褘泄	802
写械薪芯薪褋邪褑懈褟	803
锌褉芯谢芯薪谐邪褑懈褟	804
邪薪薪褍谢懈褉芯胁邪薪懈械	805
锌褉械褑械写械薪褌	806
泻芯写械泻褋	807
褉械谐谢邪屑械薪褌	808
褍褋褌邪胁	809
褋褌邪褌褍褌	810
写懈褉械泻褌懈胁邪	811
褑懈褉泻褍谢褟褉	812
褉械褋泻褉懈锌褌	813
褝写懈泻褌	814
屑邪薪懈褎械褋褌	815
锌械褌懈褑懈褟	816
褏芯写邪褌邪泄褋褌胁芯	817
蟹邪锌褉芯褋	818
卸邪谢芯斜邪	819
懈褋泻	820
懈褋褌械褑	821
芯褌胁械褌褔懈泻	822
褋胁懈写械褌械谢褜	823
褝泻褋锌械褉褌	824
褝泻褋锌械褉褌懈蟹邪	825
蟹邪泻谢褞褔械薪懈械	826
胁械褉写懈泻褌	827
褋邪薪泻褑懈芯薪懈褉芯胁邪褌褜	828
谢械谐邪谢懈蟹芯胁邪褌褜	829
泻褉懈屑懈薪邪谢懈蟹懈褉芯胁邪褌褜	830
写械泻褉懈屑懈薪邪谢懈蟹邪褑懈褟	831
褉械褑懈写懈胁	832
锌械薪懈褌械薪褑懈邪褉薪褘泄	833
锌褉芯斜邪褑懈褟	834
薪邪写蟹芯褉	835
泻芯薪胁芯泄	836
褝泻褋褌褉邪写懈褉芯胁邪褌褜	837
懈薪褌械褉锌芯谢	838
褉邪蟹褘褋泻懈胁邪褌褜	839
锌芯写芯蟹褉械胁邪械屑褘泄	840
芯斜胁懈薪褟械屑褘泄	841
锌芯写褋褍写懈屑褘泄	842
芯褋褍卸写褢薪薪褘泄	843
锌芯褌械褉锌械胁褕懈泄	844
锌芯褋褌褉邪写邪胁褕懈泄	845
褉械邪斜懈谢懈褌懈褉芯胁邪褌褜	846
锌芯屑懈谢芯胁邪褌褜	847
泻芯薪褎懈褋泻芯胁邪褌褜	848
邪褉械褋褌芯胁邪褌褜	849
蟹邪写械褉卸邪褌褜	850
写芯锌褉芯褋懈褌褜	851
懈薪泻褉懈屑懈薪懈褉芯胁邪褌褜	852
泻胁邪谢懈褎懈褑懈褉芯胁邪褌褜	853
泻谢邪褋褋懈褎懈褑懈褉芯胁邪褌褜	854
褋懈褋褌械屑邪褌懈蟹懈褉芯胁邪褌褜	855
泻芯写懈褎懈褑懈褉芯胁邪褌褜	856
褋褌邪薪写邪褉褌懈蟹懈褉芯胁邪褌褜	857
褍薪懈褎懈褑懈褉芯胁邪褌褜	858
谐邪褉屑芯薪懈蟹懈褉芯胁邪褌褜	859
褋懈薪褏褉芯薪懈蟹懈褉芯胁邪褌褜	860
泻芯芯褉写懈薪邪褑懈褟	861
褋褍斜芯褉写懈薪邪褑懈褟	862
懈械褉邪褉褏懈褟	863
斜褞褉芯泻褉邪褌懈褟	864
薪芯屑械薪泻谢邪褌褍褉邪	865
褝谢懈褌邪	866
懈褋褌械斜谢懈褕屑械薪褌	867
谢芯斜斜懈蟹屑	868
谢芯斜斜懈褋褌	869
褌褉邪薪褋锌邪褉械薪褌薪芯褋褌褜	870
锌芯写芯褌褔褢褌薪芯褋褌褜	871
写械谢械谐懈褉芯胁邪褌褜	872
锌芯谢薪芯屑芯褔懈械	873
泻芯屑锌械褌械薪褑懈褟	874
褞褉懈褋写懈泻褑懈芯薪薪褘泄	875
褝泻褋褌械褉褉懈褌芯褉懈邪谢褜薪褘泄	876
写懈锌谢芯屑邪褌懈褔械褋泻懈泄	877
泻芯薪褋褍谢褜褋褌胁芯	878
锌芯褋谢邪薪薪懈泻	879
锌芯胁械褉械薪薪褘泄	880
锌芯谢锌褉械写	881
褉械蟹懈写械薪褑懈褟	882
邪褍写懈械薪褑懈褟	883
褑械褉械屑芯薪懈邪谢	884
褝褌懈泻械褌	885
锌褉芯褌芯泻芯谢褜薪褘泄	886
邪泻泻褉械写懈褌芯胁邪褌褜	887
芯褌芯蟹胁邪褌褜	888
薪邪蟹薪邪褔懈褌褜	889
褉芯褌邪褑懈褟	890
泻邪写械薪褑懈褟	891
锌褉械械屑褋褌胁械薪薪芯褋褌褜	892
谢械谐懈褌懈屑懈蟹邪褑懈褟	893
写械谢械谐懈褌懈屑懈蟹邪褑懈褟	894
锌褉芯锌邪谐邪薪写懈褉芯胁邪褌褜	895
邪谐懈褌邪褑懈褟	896
屑芯斜懈谢懈蟹芯胁邪褌褜	897
写械屑芯泻褉邪褌懈蟹邪褑懈褟	898
邪胁褌芯褉懈褌邪褉懈蟹屑	899
褌芯褌邪谢懈褌邪褉懈蟹屑	900
锌谢褞褉邪谢懈蟹屑	901
锌芯锌褍谢懈蟹屑	902
薪邪褑懈芯薪邪谢懈蟹屑	903
锌邪褌褉懈芯褌懈蟹屑	904
褕芯胁懈薪懈蟹屑	905
泻褋械薪芯褎芯斜懈褟	906
写懈褋泻褉懈屑懈薪邪褑懈褟	907
褋械谐褉械谐邪褑懈褟	908
邪锌邪褉褌械懈写	909
谐械薪芯褑懈写	910
褝褌薪懈褔械褋泻懈泄	911
屑械卸褝褌薪懈褔械褋泻懈泄	912
屑械卸泻芯薪褎械褋褋懈芯薪邪谢褜薪褘泄	913
褌芯谢械褉邪薪褌薪芯褋褌褜	914
懈薪泻谢褞蟹懈胁薪芯褋褌褜	915
褉械锌褉械蟹械薪褌邪褌懈胁薪芯褋褌褜	916
锌褉芯锌芯褉褑懈芯薪邪谢褜薪芯褋褌褜	917
褋褍斜褋懈写懈邪褉薪芯褋褌褜	918
褋芯谢懈写邪褉薪芯褋褌褜	919
胁蟹邪懈屑薪芯褋褌褜	920
锌邪褉懈褌械褌	921
斜邪谢邪薪褋	922
褉邪胁薪芯胁械褋懈械	923
褋褌邪斜懈谢懈蟹邪褑懈褟	924
写械褋褌邪斜懈谢懈蟹邪褑懈褟	925
褝褋泻邪谢懈褉芯胁邪褌褜	926
写械褝褋泻邪谢懈褉芯胁邪褌褜	927
薪芯褉屑邪谢懈蟹邪褑懈褟	928
谢懈斜械褉邪谢懈蟹芯胁邪褌褜	929
褉械褋褌褉褍泻褌褍褉懈蟹邪褑懈褟	930
芯锌褌懈屑懈蟹邪褑懈褟	931
褉邪褑懈芯薪邪谢懈蟹邪褑懈褟	932
褑械薪褌褉邪谢懈蟹邪褑懈褟	933
写械褑械薪褌褉邪谢懈蟹邪褑懈褟	934
锌褉懈胁邪褌懈蟹懈褉芯胁邪褌褜	935
薪邪褑懈芯薪邪谢懈蟹懈褉芯胁邪褌褜	936
屑芯薪械褌懈蟹邪褑懈褟	937
褋械泻胁械褋褌褉	938
屑芯褉邪褌芯褉薪褘泄	939
锌褉芯谢芯薪谐懈褉芯胁邪褌褜	940
褉械褋褌褉褍泻褌褍褉懈褉芯胁邪褌褜	941
褉械褎懈薪邪薪褋懈褉芯胁邪薪懈械	942
褋褍斜胁械薪褑懈褟	943
褌褉邪薪褋褎械褉褌	944
写芯褌邪褑懈芯薪薪褘泄	945
写芯薪芯褉	946
褉械褑懈锌懈械薪褌	947
斜械薪械褎懈褑懈邪褉	948
谐褉邪薪褌芯锌芯谢褍褔邪褌械谢褜	949
褎芯薪写懈褉芯胁邪薪懈械	950
褝薪写邪褍屑械薪褌	951
屑械褑械薪邪褌	952
褎懈谢邪薪褌褉芯锌懈褟	953
斜谢邪谐芯褌胁芯褉懈褌械谢褜薪芯褋褌褜	954
胁芯谢芯薪褌褢褉	955
谐褉邪卸写邪薪褋泻懈泄	956
锌褉邪胁芯蟹邪褖懈褌薪懈泻	957
褍锌芯谢薪芯屑芯褔械薪薪褘泄	958
褉械蟹芯谢褞褌懈胁薪褘泄	959
褉械泻芯屑械薪写邪褌械谢褜薪褘泄	960
芯斜褟蟹邪褌械谢褜薪褘泄	961
褎邪泻褍谢褜褌邪褌懈胁薪褘泄	962
懈屑锌械褉邪褌懈胁薪褘泄	963
写懈褋锌芯蟹懈褌懈胁薪褘泄	964
泻芯谢谢懈蟹懈芯薪薪褘泄	965
屑邪褌械褉懈邪谢褜薪褘泄	966
锌褉芯褑械褋褋褍邪谢褜薪褘泄	967
锌褉械褑械写械薪褌薪褘泄	968
泻芯写懈褎懈泻邪褑懈褟	969
懈薪泻芯褉锌芯褉邪褑懈褟	970
泻芯薪褋芯谢懈写邪褑懈褟	971
褋懈褋褌械屑邪褌懈蟹邪褑懈褟	972
邪褍褌械薪褌懈褔薪褘泄	973
谢械谐邪谢褜薪褘泄	974
谢械谐懈褌懈屑薪褘泄	975
锌褉邪胁芯屑械褉薪褘泄	976
薪械锌褉邪胁芯屑械褉薪褘泄	977
锌褉芯褌懈胁芯锌褉邪胁薪褘泄	978
邪薪褌懈泻芯薪褋褌懈褌褍褑懈芯薪薪褘泄	979
褝泻褋褌褉邪泻芯薪褋褌懈褌褍褑懈芯薪薪褘泄	980
薪邪写泻芯薪褋褌懈褌褍褑懈芯薪薪褘泄	981
锌芯写蟹邪泻芯薪薪褘泄	982
薪芯褉屑邪褌懈胁薪褘泄	983
薪械薪芯褉屑邪褌懈胁薪褘泄	984
褉械谐褍谢褟褌芯褉薪褘泄	985
褋邪屑芯褉械谐褍谢懈褉芯胁邪薪懈械	986
写械褉械谐褍谢懈褉芯胁邪薪懈械	987
褋芯褉械谐褍谢懈褉芯胁邪薪懈械	988
泻胁邪蟹懈褋褍写械斜薪褘泄	989
写芯褋褍写械斜薪褘泄	990
胁薪械褋褍写械斜薪褘泄	991
屑械卸胁械写芯屑褋褌胁械薪薪褘泄	992
薪邪写胁械写芯屑褋褌胁械薪薪褘泄	993
胁械写芯屑褋褌胁械薪薪褘泄	994
芯褌褉邪褋谢械胁芯泄	995
屑械卸芯褌褉邪褋谢械胁芯泄	996
屑邪泻褉芯褝泻芯薪芯屑懈褔械褋泻懈泄	997
屑懈泻褉芯褝泻芯薪芯屑懈褔械褋泻懈泄	998
谐械芯锌芯谢懈褌懈褔械褋泻懈泄	999
谐械芯褋褌褉邪褌械谐懈褔械褋泻懈泄	1000
